Threads,Size,BlockedTime
1,20,0.000088
2,40,0.000558
4,80,0.003912
6,120,0.008844
8,160,0.018931
10,200,0.029243
12,240,0.051300
