Threads,BlockedTime
1,140.588482
2,113.060735
4,71.799969
6,54.461731
8,51.615412
10,42.845311
12,52.580257
