BlockSize,Time
8,47.768401
16,48.251039
32,47.572986
64,52.924416
96,50.602467
128,52.045348
256,55.643759
